lead_score,category,subcategory,confidence,classified_by,subreddit,title,summary,author,posted_at,url,reddit_id
30,OTHER,OTHER,1.0,LLM,GMAT,Wants to meet people to dine together,The author is promoting a social dining platform they are building to help people meet and eat together to combat loneliness. This post is unrelated to GMAT preparation.,topperaman,2026-07-19 16:55 UTC,https://www.reddit.com/r/GMAT/comments/1v0vq6l/wants_to_meet_people_to_dine_together/,1v0vq6l
30,RESOURCE_DISCUSSION,OTHER,0.95,LLM,GMAT,How long does TTP access last?,The user is asking about options to extend their expired Target Test Prep (TTP) subscription without having to purchase the full course again.,Anaklusmos726,2026-07-19 17:00 UTC,https://www.reddit.com/r/GMAT/comments/1v0vv00/how_long_does_ttp_access_last/,1v0vv00
30,HELP_REQUEST,OTHER,0.9,LLM,GMAT,PW expired batch access,The user is asking for a workaround or 'hack' to regain access to their expired Physics Wallah (PW) GMAT preparation batch.,RushiRane,2026-07-19 15:25 UTC,https://www.reddit.com/r/GMAT/comments/1v0tfbg/pw_expired_batch_access/,1v0tfbg
0,HELP_REQUEST,SCORE_IMPROVEMENT,0.95,,GMAT,Exhausted all OG mocks,"The user has exhausted all official GMAT mock tests (having used them twice) and is seeking recommendations for alternative, reliable practice tests to help them achieve a 20-30 point score increase on their retake.",LiveEggplant3285,2026-07-19 14:48 UTC,https://www.reddit.com/r/GMAT/comments/1v0shw7/exhausted_all_og_mocks/,1v0shw7
0,RESOURCE_DISCUSSION,OTHER,0.95,,GMAT,How good are the Sigma E-GMAT Mocks?,"The user is seeking feedback on the difficulty and accuracy of Sigma e-GMAT mock exams, specifically noting a lower-than-usual score on the Quant section.",AnyConsideration7947,2026-07-19 12:32 UTC,https://www.reddit.com/r/GMAT/comments/1v0pe1f/how_good_are_the_sigma_egmat_mocks/,1v0pe1f
0,HELP_REQUEST,DATA_INSIGHTS,0.95,,GMAT,Pls help me with this question,The user is seeking help to understand a GMAT Club table analysis question about whether a positive correlation exists between global market share and U.S. market share.,aimgmat,2026-07-19 12:17 UTC,https://www.reddit.com/r/GMAT/comments/1v0p2sy/pls_help_me_with_this_question/,1v0p2sy
0,HELP_REQUEST,SCORE_IMPROVEMENT,0.95,,GMAT,GMAT v/s official mocks [Need Help],"The user scored a 665 on their actual GMAT exam, which is a significant drop from their official mock scores (which peaked at 755). They are seeking advice on how to analyze this discrepancy and improve their score in time for Round 1 MBA applications.",professordoom999,2026-07-18 21:48 UTC,https://www.reddit.com/r/GMAT/comments/1v08e1c/gmat_vs_official_mocks_need_help/,1v08e1c
0,GENERAL_DISCUSSION,OTHER,0.95,,GMAT,Is R1 2026 the Most Underrated MBA Application Cycle in Years? Let's Look at the Data,The user analyzes MBA application trends and GMAT testing volumes to start a discussion on whether the R1 2026 cycle will be less competitive and more holistic for applicants with slightly lower test scores.,DueEconomics9068,2026-07-18 17:27 UTC,https://www.reddit.com/r/GMAT/comments/1v01voy/is_r1_2026_the_most_underrated_mba_application/,1v01voy
0,HELP_REQUEST,STUDY_PLAN,0.9,,GMAT,Queries about taking GMAT as a working professional,A working professional with 5 years of experience as a lawyer in India's energy sector asks if an MBA is worth pursuing for career growth and requests advice on additional GMAT practice resources after completing the Official Guide.,Maximum_Switch_2058,2026-07-19 15:06 UTC,https://www.reddit.com/r/GMAT/comments/1v0sxxb/queries_about_taking_gmat_as_a_working/,1v0sxxb
0,HELP_REQUEST,START_PREPARATION,0.9,,GMAT,GMAT Study partner - India,"The user is looking for a GMAT study and accountability partner in India, as they have just started their preparation journey.",Constant_Job3822,2026-07-19 03:49 UTC,https://www.reddit.com/r/GMAT/comments/1v0g15f/gmat_study_partner_india/,1v0g15f
0,HELP_REQUEST,VERBAL_HELP,0.9,LLM,GMAT,Gmat,"The user is asking native Spanish speakers how they cope with the technical English on the GMAT, explaining that the language barrier causes mental fatigue and loss of concentration.",PomegranateGreen6590,2026-07-19 16:50 UTC,https://www.reddit.com/r/GMAT/comments/1v0vl4e/gmat/,1v0vl4e
0,OTHER,OTHER,0.0,,GMAT,How does one effectively use GMATClub forum ? I am just starting my prep and evaluating how I can use the forum resources for practise first.,,Mathematician-Frosty,2026-07-19 07:14 UTC,https://www.reddit.com/r/GMAT/comments/1v0jr86/how_does_one_effectively_use_gmatclub_forum_i_am/,1v0jr86
0,OTHER,OTHER,0.0,,GMAT,Getting difficult to navigate through target test prep(tt p),,kindestofall_444,2026-07-19 07:12 UTC,https://www.reddit.com/r/GMAT/comments/1v0jqex/getting_difficult_to_navigate_through_target_test/,1v0jqex
0,OTHER,OTHER,0.0,,GMAT,Hmm,,Extra-System239,2026-07-19 06:39 UTC,https://www.reddit.com/r/GMAT/comments/1v0j50g/hmm/,1v0j50g
0,OTHER,OTHER,0.0,,GMAT,Need guidance,,Lopsided_Permit252,2026-07-19 03:55 UTC,https://www.reddit.com/r/GMAT/comments/1v0g50c/need_guidance/,1v0g50c
0,OTHER,OTHER,0.0,,GMAT,Q88 but a 595 — Third Attempt,,Scared_Broccoli6910,2026-07-19 00:14 UTC,https://www.reddit.com/r/GMAT/comments/1v0bozy/q88_but_a_595_third_attempt/,1v0bozy
0,OTHER,OTHER,0.0,,GMAT,64th percentile quant with 4 questions wrong (665),,Mooshie234,2026-07-18 16:32 UTC,https://www.reddit.com/r/GMAT/comments/1v00gk5/64th_percentile_quant_with_4_questions_wrong_665/,1v00gk5
0,OTHER,OTHER,0.0,,GMAT,What did you guys stop doing or sacrifice when studying for the gmat? Also what was your daily routine?,,smithrob779,2026-07-18 16:51 UTC,https://www.reddit.com/r/GMAT/comments/1v00y92/what_did_you_guys_stop_doing_or_sacrifice_when/,1v00y92
0,OTHER,OTHER,0.0,,GMAT,Struggling with Verbal Timings : Unable to finish last 2 questions in the test,,Long_Value6071,2026-07-18 15:03 UTC,https://www.reddit.com/r/GMAT/comments/1uzy8gl/struggling_with_verbal_timings_unable_to_finish/,1uzy8gl
0,OTHER,OTHER,0.0,,GMAT,GMAT takers in UAE,,Training_Pen9081,2026-07-18 17:18 UTC,https://www.reddit.com/r/GMAT/comments/1v01myj/gmat_takers_in_uae/,1v01myj
0,OTHER,OTHER,0.0,,GMAT,"Can someone please help me by suggesting some online courses or coaching for GMAT? I have heard recommendations for Magoosh, PW stellar, Target Test Prep, Top One Percent. Drop some more suggestions. I also am weak in quants and DI so need extra help in that, I’m a BALLB student.",,bitchbazingaa,2026-07-18 16:18 UTC,https://www.reddit.com/r/GMAT/comments/1v004af/can_someone_please_help_me_by_suggesting_some/,1v004af
0,OTHER,OTHER,0.0,,GMAT,Has anybody else felt that the font size of the actual exam is rather too big?,,AnyConsideration7947,2026-07-18 16:03 UTC,https://www.reddit.com/r/GMAT/comments/1uzzqj7/has_anybody_else_felt_that_the_font_size_of_the/,1uzzqj7
0,OTHER,OTHER,0.0,,GMAT,"Round 1 applicants, how are you approaching essays, LORs, and resumes?",,DueEconomics9068,2026-07-18 01:12 UTC,https://www.reddit.com/r/GMAT/comments/1uzhyqy/round_1_applicants_how_are_you_approaching_essays/,1uzhyqy
0,OTHER,OTHER,0.0,,GMAT,I’ve 4 MBA.com official tests pending to be expired in a month,,CuriousAffect4324,2026-07-18 13:50 UTC,https://www.reddit.com/r/GMAT/comments/1uzwge5/ive_4_mbacom_official_tests_pending_to_be_expired/,1uzwge5
0,OTHER,OTHER,0.0,,GMAT,"which section did you start with , so I've been playing around different order for each section in order to see whats my optimal performance what worked for me was verbal first , yet I keep on wondering weather I should leave quant last ( quant is my strength so I can do it even tired)",,CellWorth5131,2026-07-18 12:19 UTC,https://www.reddit.com/r/GMAT/comments/1uzufa0/which_section_did_you_start_with_so_ive_been/,1uzufa0
0,OTHER,OTHER,0.0,,GMAT,Help!! | Prepping to give GMAT soon scores in mock not improving,,BackgroundJicama8696,2026-07-18 11:56 UTC,https://www.reddit.com/r/GMAT/comments/1uztx44/help_prepping_to_give_gmat_soon_scores_in_mock/,1uztx44
0,OTHER,OTHER,0.0,,GMAT,Need a GMAT Buddy,,Due-Independence-885,2026-07-18 06:50 UTC,https://www.reddit.com/r/GMAT/comments/1uzole5/need_a_gmat_buddy/,1uzole5
0,OTHER,OTHER,0.0,,GMAT,"Has anyone here personally prepared with Wizako for the GMAT? Looking for honest feedback from people who have actually used their course. Kindly respond only if you've experienced it firsthand, would really appreciate genuine reviews, whether positive or negative. Thanks!",,GarimaChoudhary,2026-07-18 04:54 UTC,https://www.reddit.com/r/GMAT/comments/1uzmgc9/has_anyone_here_personally_prepared_with_wizako/,1uzmgc9
0,OTHER,OTHER,0.0,,GMAT,Looking for advice and guidance,,Glass_Midnight_6299,2026-07-18 00:49 UTC,https://www.reddit.com/r/GMAT/comments/1uzhha3/looking_for_advice_and_guidance/,1uzhha3
